<?xml version="1.0" encoding="UTF-8" standalone="yes"?>
<addon id="plugin.program.sparkwiz" name="sparkwiz" version="1" provider-name="Myfirestreams">
    <requires>
        <import addon="xbmc.python" version="3.0.0" />
        <import addon="script.module.requests" />
        <import addon="script.module.six" />
        <import addon="script.kodi.android.update" optional="true" version="1.1.7" />
        <import addon="script.speedtester" optional="true" version="1.1.2" />
    </requires>
    
    <extension point="xbmc.python.pluginsource" library="default.py">
        <provides>executable</provides>
    </extension>
    
    <extension point="xbmc.service" library="startup.py" start="startup" />
    
    <extension point="xbmc.addon.metadata">
        <summary lang="en">sparkwiz</summary>
        <description lang="en">desc</description>
        <platform>all</platform>
        <reuselanguageinvoker>false</reuselanguageinvoker>
        <source>https://github.com/Ryann-Devv/kodispark/plugin.program.sparkwiz.zip</source>
        <news>
1.0
 -Initial Commit
 -Kodi 19 Matrix Ready
        </news>
        <assets>
            <icon>icon.png</icon>
            <fanart>fanart.png</fanart>
        </assets>
    </extension>
</addon>
